{
  "light_dir": [
    [
      0.8168044502817061,
      0.022195773105481143,
      0.5764875
    ],
    [
      -0.7762869685238829,
      0.031593074300390586,
      0.6295875000000002
    ],
    [
      0.02222804394228156,
      -0.8135464082875051,
      0.581075
    ],
    [
      -0.049827010120014226,
      0.7655240645711276,
      0.641475
    ]
  ],
  "light_matrix": [
    [
      0.8168044502817061,
      -0.7762869685238829,
      0.02222804394228156,
      -0.049827010120014226
    ],
    [
      0.022195773105481143,
      0.031593074300390586,
      -0.8135464082875051,
      0.7655240645711276
    ],
    [
      0.5764875,
      0.6295875000000002,
      0.581075,
      0.641475
    ]
  ],
  "errors": [
    [
      0.0,
      0.0,
      0.0
    ],
    [
      0.0,
      0.0,
      0.0
    ],
    [
      0.0,
      0.0,
      0.0
    ],
    [
      0.0,
      0.0,
      0.0
    ]
  ],
  "light_dir_spherical_coord": {
    "L1": {
      "elevation_deg": 35.2038694188669,
      "azimuth_deg_180": 1.5565674713398678,
      "azimuth_deg_360": 1.5565674713398607
    },
    "L2": {
      "elevation_deg": 39.019695587386316,
      "azimuth_deg_180": 177.66948113202105,
      "azimuth_deg_360": 177.66948113202102
    },
    "L3": {
      "elevation_deg": 35.52618798342798,
      "azimuth_deg_180": -88.43493091440774,
      "azimuth_deg_360": 271.56506908559226
    },
    "L4": {
      "elevation_deg": 39.90189466910929,
      "azimuth_deg_180": 93.7240579727483,
      "azimuth_deg_360": 93.72405797274831
    }
  },
  "backward": {
    "light_dir": [
      [
        -0.8168044502817061,
        -0.022195773105481143,
        0.5764875
      ],
      [
        0.7762869685238829,
        -0.031593074300390586,
        0.6295875000000002
      ],
      [
        -0.02222804394228156,
        0.8135464082875051,
        0.581075
      ],
      [
        0.049827010120014226,
        -0.7655240645711276,
        0.641475
      ]
    ],
    "light_matrix": [
      [
        -0.8168044502817061,
        0.7762869685238829,
        -0.02222804394228156,
        0.049827010120014226
      ],
      [
        -0.022195773105481143,
        -0.031593074300390586,
        0.8135464082875051,
        -0.7655240645711276
      ],
      [
        0.5764875,
        0.6295875000000002,
        0.581075,
        0.641475
      ]
    ],
    "light_dir_spherical_coord": [
      {
        "elevation_deg": 35.2038694188669,
        "azimuth_deg_180": -178.44343252866014,
        "azimuth_deg_360": 181.55656747133986
      },
      {
        "elevation_deg": 39.019695587386316,
        "azimuth_deg_180": -2.3305188679789377,
        "azimuth_deg_360": 357.6694811320211
      },
      {
        "elevation_deg": 35.52618798342798,
        "azimuth_deg_180": 91.56506908559226,
        "azimuth_deg_360": 91.56506908559226
      },
      {
        "elevation_deg": 39.90189466910929,
        "azimuth_deg_180": -86.27594202725172,
        "azimuth_deg_360": 273.72405797274826
      }
    ]
  },
  "version": "0.0.0-1"
}